Player Coalition,Marginal Contribution,Shapley Value
"(10,)",10,0.5555555555555556
"(20,)",20,1.1111111111111112
"(30,)",30,1.6666666666666665
"(10, 20)",10,1.1111111111111112
"(10, 20)",20,2.2222222222222223
"(10, 30)",10,1.1111111111111112
"(10, 30)",30,3.333333333333333
"(20, 30)",20,2.2222222222222223
"(20, 30)",30,3.333333333333333
"(10, 20, 30)",10,1.6666666666666667
"(10, 20, 30)",20,3.3333333333333335
"(10, 20, 30)",30,5.0
